{"id":"#viewport","tilesets":[{"position":{"x":0,"y":0,"z":0},"rotation":{"x":90,"y":0,"z":0},"errorTarget":20,"displayBoxBounds":false,"localPosition":true,"url":"./tileset.json","offset":{"x":-0.007721173018217065,"y":-0.5193408973515035,"z":0.007519827783107877}}],"models":[],"hotspots":[{"type":"sprite","url":"assets/hotspot-circle.png","depthOpacity":0.25,"number":1,"position":{"x":-0.1054989071378718,"y":-0.1295731001121277,"z":0.08198033231171048},"userData":{"action":"tween","title":"Main view","camera":{"position":{"x":-0.8502617190349389,"y":-1.5033081488471902,"z":0.5147730118018898},"target":{"x":-0.06314029728215202,"y":-0.10554544518915196,"z":0.10493281714546454}}}},{"type":"sprite","url":"assets/hotspot-circle.png","depthOpacity":0.25,"number":2,"position":{"x":0.06487579005027264,"y":-0.10134751812194118,"z":0.3813156565925905},"userData":{"action":"tween","title":"Close up view","camera":{"position":{"x":0.17277013543308511,"y":-0.2610134641489826,"z":0.48510859632334946},"target":{"x":0.02682765085169124,"y":-0.04018775244377785,"z":0.39624250350641776}}}},{"type":"sprite","url":"assets/hotspot-circle.png","depthOpacity":0.25,"number":3,"position":{"x":-0.021073776177630343,"y":0.15516816111711768,"z":0.30439224030713075},"userData":{"action":"tween","title":"Back view","camera":{"position":{"x":0.19353039099462077,"y":0.5643352915672355,"z":0.42760226271985025},"target":{"x":0.01709453000896139,"y":0.1125344228299754,"z":0.31544265787686615}}}}],"settings":{"background":"radial-gradient(circle, #555555 0%,#333333 100%)","autoRotate":{"enable":false,"speed":0.5,"idle":5000},"orbitControl":{"maxPolarAngleDegree":180,"minPolarAngleDegree":0},"camera":{"fov":45,"position":{"x":0.9623,"y":-1.8849,"z":0.4563},"target":{"x":0.0348,"y":-0.1187,"z":0.1245}}},"ui":{"title":"Camisole","fullscreen":true,"autorotate":true}}