{"id":"#viewport","tilesets":[{"position":{"x":0,"y":0,"z":2.9954686267399815},"rotation":{"x":-12,"y":152,"z":-1},"errorTarget":6,"displayBoxBounds":false,"localPosition":true,"url":"./tileset_jabik.json","offset":{"x":-4103372.9639464645,"y":-1237856.0724887084,"z":-4707584.772266331}}],"models":[],"hotspots":[{"type":"sprite","url":"assets/hotspot-circle.png","depthOpacity":0.25,"number":1,"position":{"x":-8.497624664257199,"y":-1.8158612954462803,"z":6.975899176760606},"userData":{"action":"tween","title":"Viewpoint 1","camera":{"position":{"x":-12.33478122021042,"y":-3.3573594543925807,"z":13.945061822706359},"target":{"x":-6.101730553855259,"y":-1.8158612954462803,"z":6.975899176760606}}}},{"type":"sprite","url":"assets/hotspot-circle.png","depthOpacity":0.25,"number":2,"position":{"x":7.2716746895774245,"y":-1.700968335091086,"z":5.352847595770559},"userData":{"action":"tween","title":"Viewpoint 2","camera":{"position":{"x":12.617220574568737,"y":-4.251957319635212,"z":9.958820630275941},"target":{"x":6.123320075229187,"y":-1.700968335091086,"z":5.352847595770559}}}},{"type":"sprite","url":"assets/hotspot-circle.png","depthOpacity":0.25,"number":3,"position":{"x":0.023812679164498862,"y":6.198676222431099,"z":4.8502823155213814},"userData":{"action":"tween","title":"Viewpoint 3","camera":{"position":{"x":0.5020734950746614,"y":15.937334533437479,"z":10.07748042446309},"target":{"x":0.023812679164498862,"y":6.198676222431099,"z":4.8502823155213814}}}}],"settings":{"background":"radial-gradient(circle, #555555 0%,#333333 100%)","autoRotate":{"enable":false,"speed":0.2,"idle":5000},"orbitControl":{"maxPolarAngleDegree":180,"minPolarAngleDegree":0,"minDistance":0,"maxDistance":10000},"camera":{"fov":45,"position":{"x":-14.516,"y":3.3432,"z":14.36},"target":{"x":-2.8188,"y":0.4329,"z":3.7596}}},"ui":{"title":"jabik","fullscreen":true,"autorotate":true}}